{"cameraMode":{"drawMode":0,"name":"Shaded","section":"Shading Mode"},"sceneLighting":false,"audioPlay":false,"sceneViewState":{"showFog":true,"showMaterialUpdate":true,"showSkybox":false,"showFlares":true,"showImageEffects":true,"showParticleSystems":true},"in2DMode":false,"pivot":{"x":444.54022216796877,"y":28.618873596191408,"z":139.39999389648438},"rotation":{"x":0.3434549570083618,"y":0.13322876393795014,"z":-0.049222737550735477,"w":0.9284396171569824},"size":42.424217224121097,"orthographic":false}