{"cameraMode":{"drawMode":0,"name":"Shaded","section":"Shading Mode"},"sceneLighting":true,"audioPlay":false,"sceneViewState":{"showFog":true,"showMaterialUpdate":true,"showSkybox":true,"showFlares":true,"showImageEffects":true,"showParticleSystems":true},"in2DMode":false,"pivot":{"x":694.8020629882813,"y":-81.63512420654297,"z":433.193115234375},"rotation":{"x":0.11089230328798294,"y":0.40926191210746767,"z":-0.04970896989107132,"w":0.9044145941734314},"size":176.9398651123047,"orthographic":false}