{"cameraMode":{"drawMode":0,"name":"Shaded","section":"Shading Mode"},"sceneLighting":false,"audioPlay":false,"sceneViewState":{"showFog":true,"showMaterialUpdate":true,"showSkybox":false,"showFlares":true,"showImageEffects":true,"showParticleSystems":true},"in2DMode":false,"pivot":{"x":337.1000061035156,"y":2.938232421875,"z":129.81045532226563},"rotation":{"x":-0.18782588839530946,"y":-0.5782515406608582,"z":0.13894206285476685,"w":-0.7816945910453796},"size":6.984364032745361,"orthographic":false}