{"cameraMode":{"drawMode":0,"name":"Shaded","section":"Shading Mode"},"sceneLighting":false,"audioPlay":false,"sceneViewState":{"showFog":true,"showMaterialUpdate":true,"showSkybox":false,"showFlares":true,"showImageEffects":true,"showParticleSystems":true},"in2DMode":false,"pivot":{"x":-19.843795776367189,"y":28.276580810546876,"z":-98.53015899658203},"rotation":{"x":0.26116037368774416,"y":0.07284320890903473,"z":-0.01768033392727375,"w":0.9632447361946106},"size":40.040061950683597,"orthographic":false}