{"cameraMode":{"drawMode":0,"name":"Shaded","section":"Shading Mode"},"sceneLighting":false,"audioPlay":false,"sceneViewState":{"showFog":true,"showMaterialUpdate":true,"showSkybox":false,"showFlares":true,"showImageEffects":true,"showParticleSystems":true},"in2DMode":false,"pivot":{"x":513.6978149414063,"y":11.935890197753907,"z":-25.54360580444336},"rotation":{"x":0.0844399556517601,"y":-0.8948608636856079,"z":0.20570719242095948,"w":0.38815420866012576},"size":3.083514451980591,"orthographic":false}