{"cameraMode":{"drawMode":0,"name":"Shaded","section":"Shading Mode"},"sceneLighting":true,"audioPlay":false,"sceneViewState":{"showFog":true,"showMaterialUpdate":true,"showSkybox":true,"showFlares":true,"showImageEffects":true,"showParticleSystems":true},"in2DMode":false,"pivot":{"x":-76.47675323486328,"y":-16.3385009765625,"z":457.9251708984375},"rotation":{"x":0.4994957149028778,"y":-0.5003489851951599,"z":0.5029827952384949,"w":0.4973078668117523},"size":436.0654296875,"orthographic":false}