{"cameraMode":{"drawMode":0,"name":"Shaded","section":"Shading Mode"},"sceneLighting":false,"audioPlay":false,"sceneViewState":{"showFog":true,"showMaterialUpdate":true,"showSkybox":false,"showFlares":true,"showImageEffects":true,"showParticleSystems":true},"in2DMode":false,"pivot":{"x":482.94781494140627,"y":4.363908767700195,"z":47.84535217285156},"rotation":{"x":-0.04066924750804901,"y":0.22410963475704194,"z":-0.010555272921919823,"w":-0.973849356174469},"size":10.405685424804688,"orthographic":false}