{"cameraMode":{"drawMode":0,"name":"Shaded","section":"Shading Mode"},"sceneLighting":false,"audioPlay":false,"sceneViewState":{"showFog":true,"showMaterialUpdate":true,"showSkybox":false,"showFlares":true,"showImageEffects":true,"showParticleSystems":true},"in2DMode":false,"pivot":{"x":9.832664489746094,"y":32.31364440917969,"z":-113.91522216796875},"rotation":{"x":0.23557691276073457,"y":0.00040590096614323556,"z":0.0019322216976433993,"w":0.9727094769477844},"size":30.133617401123048,"orthographic":false}