{"cameraMode":{"drawMode":0,"name":"Shaded","section":"Shading Mode"},"sceneLighting":false,"audioPlay":false,"sceneViewState":{"showFog":true,"showMaterialUpdate":true,"showSkybox":false,"showFlares":true,"showImageEffects":true,"showParticleSystems":true},"in2DMode":false,"pivot":{"x":-194.53155517578126,"y":39.5151481628418,"z":421.29937744140627},"rotation":{"x":-0.023668862879276277,"y":-0.95694500207901,"z":0.06711060553789139,"w":-0.2828962206840515},"size":58.0052375793457,"orthographic":false}