{"cameraMode":{"drawMode":0,"name":"Shaded","section":"Shading Mode"},"sceneLighting":true,"audioPlay":false,"sceneViewState":{"showFog":true,"showMaterialUpdate":true,"showSkybox":true,"showFlares":true,"showImageEffects":true,"showParticleSystems":true},"in2DMode":false,"pivot":{"x":-21.582260131835939,"y":-9.36647891998291,"z":-18.97486114501953},"rotation":{"x":0.05808049067854881,"y":-0.80547696352005,"z":0.08036230504512787,"w":0.5844020247459412},"size":42.92637252807617,"orthographic":false}