{"cameraMode":{"drawMode":0,"name":"Shaded","section":"Shading Mode"},"sceneLighting":false,"audioPlay":false,"sceneViewState":{"showFog":true,"showMaterialUpdate":true,"showSkybox":false,"showFlares":true,"showImageEffects":true,"showParticleSystems":true},"in2DMode":false,"pivot":{"x":355.09014892578127,"y":13.397867202758789,"z":145.1335906982422},"rotation":{"x":-0.05237659439444542,"y":0.7020502686500549,"z":-0.05191359296441078,"w":-0.7083855867385864},"size":5.563112735748291,"orthographic":false}