{"cameraMode":{"drawMode":0,"name":"Shaded","section":"Shading Mode"},"sceneLighting":false,"audioPlay":false,"sceneViewState":{"showFog":true,"showMaterialUpdate":true,"showSkybox":false,"showFlares":true,"showImageEffects":true,"showParticleSystems":true},"in2DMode":false,"pivot":{"x":326.07135009765627,"y":17.943603515625,"z":144.1802978515625},"rotation":{"x":0.061474744230508807,"y":-0.6943206787109375,"z":0.059719644486904147,"w":0.7145959138870239},"size":9.008646965026856,"orthographic":false}