{"cameraMode":{"drawMode":0,"name":"Shaded","section":"Shading Mode"},"sceneLighting":false,"audioPlay":false,"sceneViewState":{"showFog":true,"showMaterialUpdate":true,"showSkybox":false,"showFlares":true,"showImageEffects":true,"showParticleSystems":true},"in2DMode":false,"pivot":{"x":528.06396484375,"y":-11.355766296386719,"z":138.46783447265626},"rotation":{"x":-0.0171845443546772,"y":0.9597729444503784,"z":-0.27371200919151308,"w":-0.06025506556034088},"size":7.880483627319336,"orthographic":false}