{"cameraMode":{"drawMode":0,"name":"Shaded","section":"Shading Mode"},"sceneLighting":true,"audioPlay":false,"sceneViewState":{"showFog":true,"showMaterialUpdate":true,"showSkybox":true,"showFlares":true,"showImageEffects":true,"showParticleSystems":true},"in2DMode":false,"pivot":{"x":-0.2901773452758789,"y":-0.25751399993896487,"z":-0.16576528549194337},"rotation":{"x":0.4464986324310303,"y":-0.16932150721549989,"z":0.0922231525182724,"w":0.8744093775749207},"size":6.626452445983887,"orthographic":false}