{"cameraMode":{"drawMode":0,"name":"Shaded","section":"Shading Mode"},"sceneLighting":false,"audioPlay":false,"sceneViewState":{"showFog":true,"showMaterialUpdate":true,"showSkybox":false,"showFlares":true,"showImageEffects":true,"showParticleSystems":true},"in2DMode":false,"pivot":{"x":550.76123046875,"y":14.497756958007813,"z":103.72555541992188},"rotation":{"x":-0.16614122688770295,"y":-0.3867454528808594,"z":0.06870046257972717,"w":-0.9053805470466614},"size":48.01892852783203,"orthographic":false}