{"cameraMode":{"drawMode":0,"name":"Shaded","section":"Shading Mode"},"sceneLighting":true,"audioPlay":false,"sceneViewState":{"showFog":true,"showMaterialUpdate":true,"showSkybox":false,"showFlares":true,"showImageEffects":true,"showParticleSystems":true},"in2DMode":false,"pivot":{"x":521.8104248046875,"y":8.686128616333008,"z":105.31497955322266},"rotation":{"x":-0.1867222636938095,"y":0.27785852551460268,"z":-0.05938981845974922,"w":-0.9408459663391113},"size":5.675814151763916,"orthographic":false}