{"cameraMode":{"drawMode":0,"name":"Shaded","section":"Shading Mode"},"sceneLighting":true,"audioPlay":false,"sceneViewState":{"showFog":true,"showMaterialUpdate":true,"showSkybox":true,"showFlares":true,"showImageEffects":true,"showParticleSystems":true},"in2DMode":false,"pivot":{"x":-1.005062222480774,"y":-1.435847282409668,"z":10.552642822265625},"rotation":{"x":-0.0797356441617012,"y":-0.019585030153393747,"z":0.0007932712906040251,"w":-0.9967504739761353},"size":15.627449035644532,"orthographic":false}