{"cameraMode":{"drawMode":0,"name":"Shaded","section":"Shading Mode"},"sceneLighting":true,"audioPlay":false,"sceneViewState":{"showFog":true,"showMaterialUpdate":true,"showSkybox":true,"showFlares":true,"showImageEffects":true,"showParticleSystems":true},"in2DMode":false,"pivot":{"x":527.1432495117188,"y":-10.268965721130371,"z":150.089111328125},"rotation":{"x":-0.06785208731889725,"y":0.0298969317227602,"z":-0.00887348223477602,"w":-0.9978681802749634},"size":7.705844402313232,"orthographic":false}