{"cameraMode":{"drawMode":0,"name":"Shaded","section":"Shading Mode"},"sceneLighting":true,"audioPlay":false,"sceneViewState":{"showFog":true,"showMaterialUpdate":true,"showSkybox":false,"showFlares":true,"showImageEffects":true,"showParticleSystems":true},"in2DMode":false,"pivot":{"x":533.2113037109375,"y":-10.163633346557618,"z":134.7739715576172},"rotation":{"x":0.07224056124687195,"y":0.8076211810112,"z":-0.10103011876344681,"w":0.5766803026199341},"size":8.078680992126465,"orthographic":false}