{"cameraMode":{"drawMode":0,"name":"Shaded","section":"Shading Mode"},"sceneLighting":false,"audioPlay":false,"sceneViewState":{"showFog":true,"showMaterialUpdate":true,"showSkybox":false,"showFlares":true,"showImageEffects":true,"showParticleSystems":true},"in2DMode":false,"pivot":{"x":485.4901428222656,"y":4.93212890625,"z":268.25006103515627},"rotation":{"x":0.21463198959827424,"y":0.0058633373118937019,"z":-0.001253338297829032,"w":0.9767244458198547},"size":61.060325622558597,"orthographic":false}