{"cameraMode":{"drawMode":0,"name":"Shaded","section":"Shading Mode"},"sceneLighting":false,"audioPlay":false,"sceneViewState":{"showFog":true,"showMaterialUpdate":true,"showSkybox":false,"showFlares":true,"showImageEffects":true,"showParticleSystems":true},"in2DMode":false,"pivot":{"x":518.6060791015625,"y":11.49494743347168,"z":613.3385009765625},"rotation":{"x":-0.29542654752731326,"y":-0.7046031951904297,"z":0.4364493191242218,"w":-0.47549396753311159},"size":33.39961624145508,"orthographic":false}