{"cameraMode":{"drawMode":0,"name":"Shaded","section":"Shading Mode"},"sceneLighting":true,"audioPlay":false,"sceneViewState":{"showFog":true,"showMaterialUpdate":true,"showSkybox":true,"showFlares":true,"showImageEffects":true,"showParticleSystems":true},"in2DMode":false,"pivot":{"x":-2.111107587814331,"y":-94.02276611328125,"z":28.938034057617189},"rotation":{"x":-0.592499315738678,"y":0.0012477693380787969,"z":-0.004656375385820866,"w":-0.8065143823623657},"size":55.370357513427737,"orthographic":false}