{"cameraMode":{"drawMode":0,"name":"Shaded","section":"Shading Mode"},"sceneLighting":true,"audioPlay":false,"sceneViewState":{"showFog":true,"showMaterialUpdate":true,"showSkybox":true,"showFlares":true,"showImageEffects":true,"showParticleSystems":true},"in2DMode":false,"pivot":{"x":225.99159240722657,"y":-287.9630126953125,"z":455.85260009765627},"rotation":{"x":0.4912809133529663,"y":-0.508927583694458,"z":0.4910859763622284,"w":0.5100395679473877},"size":544.4594116210938,"orthographic":false}