{"cameraMode":{"drawMode":0,"name":"Shaded","section":"Shading Mode"},"sceneLighting":false,"audioPlay":false,"sceneViewState":{"showFog":true,"showMaterialUpdate":true,"showSkybox":false,"showFlares":true,"showImageEffects":true,"showParticleSystems":true},"in2DMode":false,"pivot":{"x":-3.1378746032714845,"y":0.5812000036239624,"z":29.461944580078126},"rotation":{"x":0.04295075684785843,"y":-0.7154452800750732,"z":0.04439990222454071,"w":0.6960410475730896},"size":4.110306739807129,"orthographic":false}