{"cameraMode":{"drawMode":0,"name":"Shaded","section":"Shading Mode"},"sceneLighting":false,"audioPlay":false,"sceneViewState":{"showFog":true,"showMaterialUpdate":true,"showSkybox":false,"showFlares":true,"showImageEffects":true,"showParticleSystems":true},"in2DMode":false,"pivot":{"x":513.9775390625,"y":-6.924907684326172,"z":63.01108932495117},"rotation":{"x":-0.26073673367500307,"y":0.040089599788188937,"z":-0.01161983236670494,"w":-0.9646880030632019},"size":24.179616928100587,"orthographic":false}