{"cameraMode":{"drawMode":0,"name":"Shaded","section":"Shading Mode"},"sceneLighting":true,"audioPlay":false,"sceneViewState":{"showFog":true,"showMaterialUpdate":true,"showSkybox":true,"showFlares":true,"showImageEffects":true,"showParticleSystems":true},"in2DMode":false,"pivot":{"x":-92.19563293457031,"y":-31.842716217041017,"z":-11.952333450317383},"rotation":{"x":0.09128988534212113,"y":-0.7422783374786377,"z":0.10331573337316513,"w":0.6557736396789551},"size":72.14800262451172,"orthographic":false}