{"cameraMode":{"drawMode":0,"name":"Shaded","section":"Shading Mode"},"sceneLighting":false,"audioPlay":false,"sceneViewState":{"showFog":true,"showMaterialUpdate":true,"showSkybox":false,"showFlares":true,"showImageEffects":true,"showParticleSystems":true},"in2DMode":false,"pivot":{"x":-34.306610107421878,"y":5.649433135986328,"z":-106.93605041503906},"rotation":{"x":-0.15634125471115113,"y":0.0996057391166687,"z":-0.016088644042611123,"w":-0.9826135039329529},"size":3.652473211288452,"orthographic":false}