{"cameraMode":{"drawMode":0,"name":"Shaded","section":"Shading Mode"},"sceneLighting":false,"audioPlay":false,"sceneViewState":{"showFog":true,"showMaterialUpdate":true,"showSkybox":false,"showFlares":true,"showImageEffects":true,"showParticleSystems":true},"in2DMode":false,"pivot":{"x":0.11674346029758454,"y":-0.46143341064453127,"z":0.004357755184173584},"rotation":{"x":0.05808049067854881,"y":-0.80547696352005,"z":0.08036230504512787,"w":0.5844020247459412},"size":1.667094349861145,"orthographic":false}