{"cameraMode":{"drawMode":0,"name":"Shaded","section":"Shading Mode"},"sceneLighting":true,"audioPlay":false,"sceneViewState":{"showFog":true,"showMaterialUpdate":true,"showSkybox":true,"showFlares":true,"showImageEffects":true,"showParticleSystems":true},"in2DMode":false,"pivot":{"x":35.88539123535156,"y":0.31256455183029177,"z":-2.0731425285339357},"rotation":{"x":0.07424186915159226,"y":-0.31427252292633059,"z":0.024660879746079446,"w":0.9461261034011841},"size":4.2368340492248539,"orthographic":false}