{"cameraMode":{"drawMode":0,"name":"Shaded","section":"Shading Mode"},"sceneLighting":true,"audioPlay":false,"sceneViewState":{"showFog":true,"showMaterialUpdate":true,"showSkybox":true,"showFlares":true,"showImageEffects":true,"showParticleSystems":true},"in2DMode":false,"pivot":{"x":-31.233688354492189,"y":-8.914871215820313,"z":-0.18354415893554688},"rotation":{"x":0.07187414914369583,"y":-0.7838670611381531,"z":0.09238177537918091,"w":0.6099042296409607},"size":50.99021911621094,"orthographic":false}