{"cameraMode":{"drawMode":0,"name":"Shaded","section":"Shading Mode"},"sceneLighting":false,"audioPlay":false,"sceneViewState":{"showFog":true,"showMaterialUpdate":true,"showSkybox":false,"showFlares":true,"showImageEffects":true,"showParticleSystems":true},"in2DMode":false,"pivot":{"x":-45.91356658935547,"y":7.089523792266846,"z":-92.7873306274414},"rotation":{"x":0.12402572482824326,"y":0.711624264717102,"z":-0.12955185770988465,"w":0.679401695728302},"size":6.921348571777344,"orthographic":false}