{"cameraMode":{"drawMode":0,"name":"Shaded","section":"Shading Mode"},"sceneLighting":true,"audioPlay":false,"sceneViewState":{"showFog":true,"showMaterialUpdate":true,"showSkybox":true,"showFlares":true,"showImageEffects":true,"showParticleSystems":true},"in2DMode":false,"pivot":{"x":-216.69961547851563,"y":-106.41957092285156,"z":30.36809539794922},"rotation":{"x":0.15870846807956696,"y":-0.6495612263679504,"z":0.1517428159713745,"w":0.7288826704025269},"size":157.6624755859375,"orthographic":false}