{"cameraMode":{"drawMode":0,"name":"Shaded","section":"Shading Mode"},"sceneLighting":true,"audioPlay":false,"sceneViewState":{"showFog":true,"showMaterialUpdate":true,"showSkybox":true,"showFlares":true,"showImageEffects":true,"showParticleSystems":true},"in2DMode":false,"pivot":{"x":-3.425264835357666,"y":1.930953025817871,"z":-7.520725250244141},"rotation":{"x":0.1885898858308792,"y":0.1999974250793457,"z":-0.03915545344352722,"w":0.9607515931129456},"size":9.715991973876954,"orthographic":false}