{"cameraMode":{"drawMode":0,"name":"Shaded","section":"Shading Mode"},"sceneLighting":false,"audioPlay":false,"sceneViewState":{"showFog":true,"showMaterialUpdate":true,"showSkybox":false,"showFlares":true,"showImageEffects":true,"showParticleSystems":true},"in2DMode":false,"pivot":{"x":0.14435629546642304,"y":-0.6519296765327454,"z":2.280426502227783},"rotation":{"x":0.07642023265361786,"y":0.029946841299533845,"z":-0.0018874576780945063,"w":0.99675452709198},"size":2.4339747428894045,"orthographic":false}