{"cameraMode":{"drawMode":0,"name":"Shaded","section":"Shading Mode"},"sceneLighting":true,"audioPlay":false,"sceneViewState":{"showFog":true,"showMaterialUpdate":true,"showSkybox":true,"showFlares":true,"showImageEffects":true,"showParticleSystems":true},"in2DMode":false,"pivot":{"x":-2.1446685791015627,"y":-4.081260681152344,"z":-20.1534423828125},"rotation":{"x":-0.11365744471549988,"y":0.7922131419181824,"z":-0.15548793971538545,"w":-0.5790667533874512},"size":42.11030578613281,"orthographic":false}