{"cameraMode":{"drawMode":0,"name":"Shaded","section":"Shading Mode"},"sceneLighting":false,"audioPlay":false,"sceneViewState":{"showFog":true,"showMaterialUpdate":true,"showSkybox":false,"showFlares":true,"showImageEffects":true,"showParticleSystems":true},"in2DMode":false,"pivot":{"x":-0.5838088989257813,"y":-11.985233306884766,"z":20.19685173034668},"rotation":{"x":0.22973018884658814,"y":0.0024300965014845134,"z":0.0034073370043188335,"w":0.9740548729896545},"size":24.407913208007814,"orthographic":false}