{"cameraMode":{"drawMode":0,"name":"Shaded","section":"Shading Mode"},"sceneLighting":false,"audioPlay":false,"sceneViewState":{"showFog":true,"showMaterialUpdate":true,"showSkybox":false,"showFlares":true,"showImageEffects":true,"showParticleSystems":true},"in2DMode":false,"pivot":{"x":523.1699829101563,"y":20.081396102905275,"z":1166.739990234375},"rotation":{"x":-0.010472025722265244,"y":-0.9508622288703919,"z":0.3097596764564514,"w":-0.021340355277061464},"size":18.13620948791504,"orthographic":false}