{"cameraMode":{"drawMode":0,"name":"Shaded","section":"Shading Mode"},"sceneLighting":true,"audioPlay":false,"sceneViewState":{"showFog":true,"showMaterialUpdate":true,"showSkybox":true,"showFlares":true,"showImageEffects":true,"showParticleSystems":true},"in2DMode":false,"pivot":{"x":-69.6053695678711,"y":-53.630428314208987,"z":81.27247619628906},"rotation":{"x":0.19268980622291566,"y":-0.36078113317489626,"z":0.07644057273864746,"w":0.909341037273407},"size":83.5356674194336,"orthographic":false}