{"cameraMode":{"drawMode":0,"name":"Shaded","section":"Shading Mode"},"sceneLighting":true,"audioPlay":false,"sceneViewState":{"showFog":true,"showMaterialUpdate":true,"showSkybox":false,"showFlares":true,"showImageEffects":true,"showParticleSystems":true},"in2DMode":false,"pivot":{"x":527.787841796875,"y":8.703535079956055,"z":105.322265625},"rotation":{"x":-0.16320863366127015,"y":-0.0805421695113182,"z":0.009303987957537175,"w":-0.9836553335189819},"size":4.475813388824463,"orthographic":false}