{"cameraMode":{"drawMode":0,"name":"Shaded","section":"Shading Mode"},"sceneLighting":false,"audioPlay":false,"sceneViewState":{"showFog":true,"showMaterialUpdate":true,"showSkybox":false,"showFlares":true,"showImageEffects":true,"showParticleSystems":true},"in2DMode":false,"pivot":{"x":-28.241859436035158,"y":5.497956275939941,"z":-116.99690246582031},"rotation":{"x":-0.00116074294783175,"y":0.9977189898490906,"z":0.019156141206622125,"w":0.06590869277715683},"size":3.0187084674835207,"orthographic":false}