{"cameraMode":{"drawMode":0,"name":"Shaded","section":"Shading Mode"},"sceneLighting":true,"audioPlay":false,"sceneViewState":{"showFog":true,"showMaterialUpdate":true,"showSkybox":true,"showFlares":true,"showImageEffects":true,"showParticleSystems":true},"in2DMode":false,"pivot":{"x":-0.6701103448867798,"y":-24.223983764648439,"z":-1.1483641862869263},"rotation":{"x":0.7003396153450012,"y":-0.0022922649513930084,"z":0.002351845148950815,"w":0.7139014601707459},"size":21.379989624023439,"orthographic":false}