{"cameraMode":{"drawMode":0,"name":"Shaded","section":"Shading Mode"},"sceneLighting":true,"audioPlay":false,"sceneViewState":{"showFog":true,"showMaterialUpdate":true,"showSkybox":true,"showFlares":true,"showImageEffects":true,"showParticleSystems":true},"in2DMode":false,"pivot":{"x":1.3063551187515259,"y":1.2619314193725587,"z":0.48913097381591799},"rotation":{"x":0.5096457600593567,"y":-0.010143004357814789,"z":0.012898445129394532,"w":0.8608977198600769},"size":8.006911277770996,"orthographic":false}