{"cameraMode":{"drawMode":0,"name":"Shaded","section":"Shading Mode"},"sceneLighting":false,"audioPlay":false,"sceneViewState":{"showFog":true,"showMaterialUpdate":true,"showSkybox":false,"showFlares":true,"showImageEffects":true,"showParticleSystems":true},"in2DMode":false,"pivot":{"x":287.5999450683594,"y":29.602783203125,"z":153.7750244140625},"rotation":{"x":-0.24829520285129548,"y":-0.1365509182214737,"z":0.029982881620526315,"w":-0.9590826630592346},"size":40.49462890625,"orthographic":false}