{"cameraMode":{"drawMode":0,"name":"Shaded","section":"Shading Mode"},"sceneLighting":true,"audioPlay":false,"sceneViewState":{"showFog":true,"showMaterialUpdate":true,"showSkybox":true,"showFlares":true,"showImageEffects":true,"showParticleSystems":true},"in2DMode":false,"pivot":{"x":-182.56600952148438,"y":-35.72144317626953,"z":-45.27655029296875},"rotation":{"x":0.07143918424844742,"y":-0.7805230021476746,"z":0.10077555477619171,"w":0.6139775514602661},"size":135.7652587890625,"orthographic":false}