{"cameraMode":{"drawMode":0,"name":"Shaded","section":"Shading Mode"},"sceneLighting":false,"audioPlay":false,"sceneViewState":{"showFog":true,"showMaterialUpdate":true,"showSkybox":false,"showFlares":true,"showImageEffects":true,"showParticleSystems":true},"in2DMode":false,"pivot":{"x":527.0700073242188,"y":-10.383999824523926,"z":140.60000610351563},"rotation":{"x":-0.06802992522716522,"y":0.7139996290206909,"z":-0.07005909830331803,"w":-0.6933107376098633},"size":1.509247899055481,"orthographic":false}