{"cameraMode":{"drawMode":0,"name":"Shaded","section":"Shading Mode"},"sceneLighting":true,"audioPlay":false,"sceneViewState":{"showFog":true,"showMaterialUpdate":true,"showSkybox":false,"showFlares":true,"showImageEffects":true,"showParticleSystems":true},"in2DMode":false,"pivot":{"x":51.63195037841797,"y":-0.9715142250061035,"z":15.933732032775879},"rotation":{"x":-0.01615718938410282,"y":-0.7063484191894531,"z":0.016099262982606889,"w":-0.7075925469398499},"size":7.002394199371338,"orthographic":false}