{"cameraMode":{"drawMode":0,"name":"Shaded","section":"Shading Mode"},"sceneLighting":true,"audioPlay":false,"sceneViewState":{"showFog":true,"showMaterialUpdate":true,"showSkybox":true,"showFlares":true,"showImageEffects":true,"showParticleSystems":true},"in2DMode":false,"pivot":{"x":549.500244140625,"y":-202.69381713867188,"z":696.8473510742188},"rotation":{"x":-0.12404932081699372,"y":-0.27140873670578005,"z":0.03522728011012077,"w":-0.9538308382034302},"size":590.7661743164063,"orthographic":false}