{"cameraMode":{"drawMode":0,"name":"Shaded","section":"Shading Mode"},"sceneLighting":false,"audioPlay":false,"sceneViewState":{"showFog":true,"showMaterialUpdate":true,"showSkybox":false,"showFlares":true,"showImageEffects":true,"showParticleSystems":true},"in2DMode":false,"pivot":{"x":-1.7084672451019288,"y":-9.161245346069336,"z":-0.022953033447265626},"rotation":{"x":-0.007438770495355129,"y":-0.9708518385887146,"z":0.23789970576763154,"w":-0.03029893897473812},"size":12.159658432006836,"orthographic":false}