{"cameraMode":{"drawMode":0,"name":"Shaded","section":"Shading Mode"},"sceneLighting":true,"audioPlay":false,"sceneViewState":{"showFog":true,"showMaterialUpdate":true,"showSkybox":true,"showFlares":true,"showImageEffects":true,"showParticleSystems":true},"in2DMode":false,"pivot":{"x":-15.314310073852539,"y":3.6627230644226076,"z":-33.072044372558597},"rotation":{"x":-0.025779742747545244,"y":-0.04768938198685646,"z":0.0012002135626971722,"w":-0.9985857009887695},"size":46.460655212402347,"orthographic":false}