{"cameraMode":{"drawMode":0,"name":"Shaded","section":"Shading Mode"},"sceneLighting":false,"audioPlay":false,"sceneViewState":{"showFog":true,"showMaterialUpdate":true,"showSkybox":false,"showFlares":true,"showImageEffects":true,"showParticleSystems":true},"in2DMode":false,"pivot":{"x":-28.832380294799806,"y":6.225708961486816,"z":-107.31000518798828},"rotation":{"x":-0.15553098917007447,"y":-0.045401640236377719,"z":0.006928459741175175,"w":-0.9868396520614624},"size":4.0690388679504398,"orthographic":false}