{"cameraMode":{"drawMode":0,"name":"Shaded","section":"Shading Mode"},"sceneLighting":true,"audioPlay":false,"sceneViewState":{"showFog":true,"showMaterialUpdate":true,"showSkybox":true,"showFlares":true,"showImageEffects":true,"showParticleSystems":true},"in2DMode":false,"pivot":{"x":-405.788330078125,"y":-114.4311294555664,"z":1065.189453125},"rotation":{"x":-0.19859175384044648,"y":0.2572404742240906,"z":-0.054179225116968158,"w":-0.9442774057388306},"size":277.6042785644531,"orthographic":false}