{"cameraMode":{"drawMode":0,"name":"Shaded","section":"Shading Mode"},"sceneLighting":false,"audioPlay":false,"sceneViewState":{"showFog":true,"showMaterialUpdate":true,"showSkybox":true,"showFlares":true,"showImageEffects":true,"showParticleSystems":true},"in2DMode":false,"pivot":{"x":243.6708984375,"y":-195.77639770507813,"z":971.2880859375},"rotation":{"x":-0.11370603740215302,"y":0.13799837231636048,"z":-0.023752985522150995,"w":-0.9842433333396912},"size":529.0126953125,"orthographic":false}