{"cameraMode":{"drawMode":0,"name":"Shaded","section":"Shading Mode"},"sceneLighting":false,"audioPlay":false,"sceneViewState":{"showFog":true,"showMaterialUpdate":true,"showSkybox":false,"showFlares":true,"showImageEffects":true,"showParticleSystems":true},"in2DMode":false,"pivot":{"x":236.26498413085938,"y":-1.616889476776123,"z":671.396728515625},"rotation":{"x":0.17047935724258424,"y":-0.6941806077957153,"z":0.17501872777938844,"w":0.6782993078231812},"size":24.769821166992189,"orthographic":false}