{"cameraMode":{"drawMode":0,"name":"Shaded","section":"Shading Mode"},"sceneLighting":false,"audioPlay":false,"sceneViewState":{"showFog":true,"showMaterialUpdate":true,"showSkybox":false,"showFlares":true,"showImageEffects":true,"showParticleSystems":true},"in2DMode":false,"pivot":{"x":717.7999877929688,"y":-21.709999084472658,"z":359.70001220703127},"rotation":{"x":-0.16857504844665528,"y":0.06970300525426865,"z":-0.012011179700493813,"w":-0.9832005500793457},"size":6.123724460601807,"orthographic":false}