{"cameraMode":{"drawMode":0,"name":"Shaded","section":"Shading Mode"},"sceneLighting":false,"audioPlay":false,"sceneViewState":{"showFog":true,"showMaterialUpdate":true,"showSkybox":false,"showFlares":true,"showImageEffects":true,"showParticleSystems":true},"in2DMode":false,"pivot":{"x":2.1279373168945314,"y":-3.8420772552490236,"z":305.6571350097656},"rotation":{"x":0.3338465392589569,"y":-0.2635481655597687,"z":0.10145115107297898,"w":0.9002197980880737},"size":26.124418258666993,"orthographic":false}