{"cameraMode":{"drawMode":0,"name":"Shaded","section":"Shading Mode"},"sceneLighting":false,"audioPlay":false,"sceneViewState":{"showFog":true,"showMaterialUpdate":true,"showSkybox":false,"showFlares":true,"showImageEffects":true,"showParticleSystems":true},"in2DMode":false,"pivot":{"x":326.8289794921875,"y":8.78394889831543,"z":147.3062744140625},"rotation":{"x":0.0612010732293129,"y":-0.7059812545776367,"z":0.06170438230037689,"w":0.703049898147583},"size":9.05578899383545,"orthographic":false}