{"cameraMode":{"drawMode":0,"name":"Shaded","section":"Shading Mode"},"sceneLighting":false,"audioPlay":false,"sceneViewState":{"showFog":true,"showMaterialUpdate":true,"showSkybox":false,"showFlares":true,"showImageEffects":true,"showParticleSystems":true},"in2DMode":false,"pivot":{"x":588.6634521484375,"y":32.04106140136719,"z":346.7331848144531},"rotation":{"x":0.17362594604492188,"y":-0.6532163619995117,"z":0.15765345096588136,"w":0.7200532555580139},"size":43.81707000732422,"orthographic":false}