{"cameraMode":{"drawMode":0,"name":"Shaded","section":"Shading Mode"},"sceneLighting":false,"audioPlay":false,"sceneViewState":{"showFog":true,"showMaterialUpdate":true,"showSkybox":true,"showFlares":true,"showImageEffects":true,"showParticleSystems":true},"in2DMode":false,"pivot":{"x":-0.29375049471855166,"y":0.7608458995819092,"z":-1.6977628469467164},"rotation":{"x":0.7073414921760559,"y":0.00804048590362072,"z":0.001825581886805594,"w":0.7077198624610901},"size":4.522167205810547,"orthographic":false}