{"cameraMode":{"drawMode":0,"name":"Shaded","section":"Shading Mode"},"sceneLighting":false,"audioPlay":false,"sceneViewState":{"showFog":true,"showMaterialUpdate":true,"showSkybox":false,"showFlares":true,"showImageEffects":true,"showParticleSystems":true},"in2DMode":false,"pivot":{"x":564.2000122070313,"y":11.800000190734864,"z":389.6700134277344},"rotation":{"x":-0.25957190990448,"y":-0.010998629033565522,"z":0.0006468149949796498,"w":-0.965918779373169},"size":7.128133773803711,"orthographic":false}