{"cameraMode":{"drawMode":0,"name":"Shaded","section":"Shading Mode"},"sceneLighting":true,"audioPlay":false,"sceneViewState":{"showFog":true,"showMaterialUpdate":true,"showSkybox":true,"showFlares":true,"showImageEffects":true,"showParticleSystems":true},"in2DMode":false,"pivot":{"x":-0.16442489624023438,"y":367.5663757324219,"z":-75.86030578613281},"rotation":{"x":0.26993095874786379,"y":-0.6287440061569214,"z":0.24806007742881776,"w":0.6859325766563416},"size":43.968162536621097,"orthographic":false}