{"cameraMode":{"drawMode":0,"name":"Shaded","section":"Shading Mode"},"sceneLighting":false,"audioPlay":false,"sceneViewState":{"showFog":true,"showMaterialUpdate":true,"showSkybox":false,"showFlares":true,"showImageEffects":true,"showParticleSystems":true},"in2DMode":false,"pivot":{"x":605.8082275390625,"y":51.81062316894531,"z":136.0247344970703},"rotation":{"x":-0.1583278477191925,"y":-0.04511023685336113,"z":0.004624640569090843,"w":-0.9866088032722473},"size":28.600872039794923,"orthographic":false}