{"cameraMode":{"drawMode":0,"name":"Shaded","section":"Shading Mode"},"sceneLighting":false,"audioPlay":false,"sceneViewState":{"showFog":true,"showMaterialUpdate":true,"showSkybox":false,"showFlares":true,"showImageEffects":true,"showParticleSystems":true},"in2DMode":false,"pivot":{"x":346.4393005371094,"y":256.4967956542969,"z":-2.90338134765625},"rotation":{"x":0.24687519669532777,"y":-0.14280447363853455,"z":0.03725690767168999,"w":0.9578620195388794},"size":439.9566345214844,"orthographic":false}