{"cameraMode":{"drawMode":0,"name":"Shaded","section":"Shading Mode"},"sceneLighting":false,"audioPlay":false,"sceneViewState":{"showFog":true,"showMaterialUpdate":true,"showSkybox":false,"showFlares":true,"showImageEffects":true,"showParticleSystems":true},"in2DMode":false,"pivot":{"x":458.5572814941406,"y":5.811069011688232,"z":79.9272689819336},"rotation":{"x":-0.056945398449897769,"y":0.020638005807995797,"z":-0.002482915297150612,"w":-0.9983494281768799},"size":32.02512741088867,"orthographic":false}