{"cameraMode":{"drawMode":0,"name":"Shaded","section":"Shading Mode"},"sceneLighting":false,"audioPlay":false,"sceneViewState":{"showFog":true,"showMaterialUpdate":true,"showSkybox":false,"showFlares":true,"showImageEffects":true,"showParticleSystems":true},"in2DMode":false,"pivot":{"x":-0.3147009015083313,"y":10.842883110046387,"z":88.9720458984375},"rotation":{"x":-0.06451627612113953,"y":-0.030763229355216028,"z":0.0005269478424452245,"w":0.9977371096611023},"size":6.645126819610596,"orthographic":false}