{"cameraMode":{"drawMode":0,"name":"Shaded","section":"Shading Mode"},"sceneLighting":false,"audioPlay":false,"sceneViewState":{"showFog":true,"showMaterialUpdate":true,"showSkybox":false,"showFlares":true,"showImageEffects":true,"showParticleSystems":true},"in2DMode":false,"pivot":{"x":-0.8815344572067261,"y":-6.009899139404297,"z":-1.7925891876220704},"rotation":{"x":-0.18374742567539216,"y":-0.01865377649664879,"z":0.003263273276388645,"w":-0.9828816056251526},"size":14.174628257751465,"orthographic":false}