{"cameraMode":{"drawMode":0,"name":"Shaded","section":"Shading Mode"},"sceneLighting":true,"audioPlay":false,"sceneViewState":{"showFog":true,"showMaterialUpdate":true,"showSkybox":true,"showFlares":true,"showImageEffects":true,"showParticleSystems":true},"in2DMode":false,"pivot":{"x":-83.41172790527344,"y":-23.241483688354493,"z":-35.83094024658203},"rotation":{"x":0.16886430978775025,"y":-0.03986150026321411,"z":0.007003875449299812,"w":0.9848942756652832},"size":58.970420837402347,"orthographic":false}