{"cameraMode":{"drawMode":0,"name":"Shaded","section":"Shading Mode"},"sceneLighting":true,"audioPlay":false,"sceneViewState":{"showFog":true,"showMaterialUpdate":true,"showSkybox":true,"showFlares":true,"showImageEffects":true,"showParticleSystems":true},"in2DMode":false,"pivot":{"x":515.4401245117188,"y":13.862686157226563,"z":-23.394041061401368},"rotation":{"x":0.09807714074850083,"y":0.07319439202547074,"z":-0.002481599571183324,"w":0.9930266737937927},"size":4.568794250488281,"orthographic":false}