{"cameraMode":{"drawMode":0,"name":"Shaded","section":"Shading Mode"},"sceneLighting":true,"audioPlay":false,"sceneViewState":{"showFog":true,"showMaterialUpdate":true,"showSkybox":true,"showFlares":true,"showImageEffects":true,"showParticleSystems":true},"in2DMode":false,"pivot":{"x":3.8085250854492189,"y":0.8379707336425781,"z":-3.310000419616699},"rotation":{"x":0.08672107011079788,"y":-0.7961181402206421,"z":0.11844414472579956,"w":0.5872785449028015},"size":20.339075088500978,"orthographic":false}