{"cameraMode":{"drawMode":0,"name":"Shaded","section":"Shading Mode"},"sceneLighting":false,"audioPlay":false,"sceneViewState":{"showFog":true,"showMaterialUpdate":true,"showSkybox":false,"showFlares":true,"showImageEffects":true,"showParticleSystems":true},"in2DMode":false,"pivot":{"x":-26.79499626159668,"y":12.672199249267579,"z":-12.270000457763672},"rotation":{"x":0.02729663997888565,"y":-0.023327834904193879,"z":0.0008477151859551668,"w":0.9994504451751709},"size":37.79995346069336,"orthographic":false}