{"cameraMode":{"drawMode":0,"name":"Shaded","section":"Shading Mode"},"sceneLighting":false,"audioPlay":false,"sceneViewState":{"showFog":true,"showMaterialUpdate":true,"showSkybox":false,"showFlares":true,"showImageEffects":true,"showParticleSystems":true},"in2DMode":false,"pivot":{"x":-5.283082008361816,"y":12.543842315673829,"z":8.618253707885743},"rotation":{"x":-0.006498232018202543,"y":0.21480751037597657,"z":-0.008189655840396881,"w":-0.9772726893424988},"size":12.650408744812012,"orthographic":false}