{"cameraMode":{"drawMode":0,"name":"Shaded","section":"Shading Mode"},"sceneLighting":false,"audioPlay":false,"sceneViewState":{"showFog":true,"showMaterialUpdate":true,"showSkybox":false,"showFlares":true,"showImageEffects":true,"showParticleSystems":true},"in2DMode":false,"pivot":{"x":356.44146728515627,"y":37.09545135498047,"z":146.98150634765626},"rotation":{"x":-0.03850249946117401,"y":0.6974053978919983,"z":-0.03784475848078728,"w":-0.7148094177246094},"size":14.126152038574219,"orthographic":false}