{"cameraMode":{"drawMode":0,"name":"Shaded","section":"Shading Mode"},"sceneLighting":true,"audioPlay":false,"sceneViewState":{"showFog":true,"showMaterialUpdate":true,"showSkybox":true,"showFlares":true,"showImageEffects":true,"showParticleSystems":true},"in2DMode":false,"pivot":{"x":732.4994506835938,"y":203.4090576171875,"z":48.09278106689453},"rotation":{"x":-0.22775889933109284,"y":0.019261226058006288,"z":-0.004510506521910429,"w":-0.9735722541809082},"size":72.97004699707031,"orthographic":false}