{"cameraMode":{"drawMode":0,"name":"Shaded","section":"Shading Mode"},"sceneLighting":true,"audioPlay":false,"sceneViewState":{"showFog":true,"showMaterialUpdate":true,"showSkybox":true,"showFlares":true,"showImageEffects":true,"showParticleSystems":true},"in2DMode":false,"pivot":{"x":-14.3765230178833,"y":-3.840709686279297,"z":274.3231201171875},"rotation":{"x":0.013984711840748787,"y":-0.032882556319236758,"z":0.004381715320050716,"w":1.0001381635665894},"size":147.9806365966797,"orthographic":false}