{"cameraMode":{"drawMode":0,"name":"Shaded","section":"Shading Mode"},"sceneLighting":false,"audioPlay":false,"sceneViewState":{"showFog":true,"showMaterialUpdate":true,"showSkybox":true,"showFlares":true,"showImageEffects":true,"showParticleSystems":true},"in2DMode":false,"pivot":{"x":-30.380882263183595,"y":4.033889293670654,"z":-114.60585021972656},"rotation":{"x":0.04229986295104027,"y":0.006329437717795372,"z":-0.00016373975086025894,"w":0.9991621971130371},"size":2.6215221881866457,"orthographic":false}