{"cameraMode":{"drawMode":0,"name":"Shaded","section":"Shading Mode"},"sceneLighting":true,"audioPlay":false,"sceneViewState":{"showFog":true,"showMaterialUpdate":true,"showSkybox":true,"showFlares":true,"showImageEffects":true,"showParticleSystems":true},"in2DMode":false,"pivot":{"x":-58.739501953125,"y":-13.226479530334473,"z":4.618191242218018},"rotation":{"x":0.11630276590585709,"y":-0.6642377376556397,"z":0.10569681972265244,"w":0.730836033821106},"size":61.309715270996097,"orthographic":false}