{"cameraMode":{"drawMode":0,"name":"Shaded","section":"Shading Mode"},"sceneLighting":false,"audioPlay":false,"sceneViewState":{"showFog":true,"showMaterialUpdate":true,"showSkybox":false,"showFlares":true,"showImageEffects":true,"showParticleSystems":true},"in2DMode":false,"pivot":{"x":11.652849197387696,"y":-0.8783860206604004,"z":-27.805370330810548},"rotation":{"x":-0.11346329003572464,"y":0.3929184377193451,"z":-0.05225054547190666,"w":-0.9118863940238953},"size":0.8501941561698914,"orthographic":false}