{"cameraMode":{"drawMode":0,"name":"Shaded","section":"Shading Mode"},"sceneLighting":true,"audioPlay":false,"sceneViewState":{"showFog":true,"showMaterialUpdate":true,"showSkybox":true,"showFlares":true,"showImageEffects":true,"showParticleSystems":true},"in2DMode":false,"pivot":{"x":101.30286407470703,"y":-380.498046875,"z":469.4203796386719},"rotation":{"x":-0.5013553500175476,"y":0.4986431300640106,"z":-0.5010558366775513,"w":-0.4989454746246338},"size":608.0908203125,"orthographic":false}