{"cameraMode":{"drawMode":0,"name":"Shaded","section":"Shading Mode"},"sceneLighting":true,"audioPlay":false,"sceneViewState":{"showFog":true,"showMaterialUpdate":true,"showSkybox":true,"showFlares":true,"showImageEffects":true,"showParticleSystems":true},"in2DMode":false,"pivot":{"x":-51.39850616455078,"y":-19.926372528076173,"z":-35.778987884521487},"rotation":{"x":-0.061451539397239688,"y":0.8304525017738342,"z":-0.0983494222164154,"w":-0.5462923049926758},"size":52.58633041381836,"orthographic":false}