{"cameraMode":{"drawMode":0,"name":"Shaded","section":"Shading Mode"},"sceneLighting":true,"audioPlay":false,"sceneViewState":{"showFog":true,"showMaterialUpdate":true,"showSkybox":true,"showFlares":true,"showImageEffects":true,"showParticleSystems":true},"in2DMode":false,"pivot":{"x":-0.30447280406951907,"y":-0.7276051044464111,"z":-7.093731880187988},"rotation":{"x":-0.1979156732559204,"y":-0.07954246550798416,"z":0.015351013280451298,"w":-0.9769957065582275},"size":7.857299327850342,"orthographic":false}