{"cameraMode":{"drawMode":0,"name":"Shaded","section":"Shading Mode"},"sceneLighting":false,"audioPlay":false,"sceneViewState":{"showFog":true,"showMaterialUpdate":true,"showSkybox":true,"showFlares":true,"showImageEffects":true,"showParticleSystems":true},"in2DMode":false,"pivot":{"x":-17.54468536376953,"y":-5.301322937011719,"z":12.924363136291504},"rotation":{"x":-0.2630869150161743,"y":0.36753854155540469,"z":-0.11649836599826813,"w":-0.8850932121276856},"size":22.847509384155275,"orthographic":false}