{"cameraMode":{"drawMode":0,"name":"Shaded","section":"Shading Mode"},"sceneLighting":true,"audioPlay":false,"sceneViewState":{"showFog":true,"showMaterialUpdate":true,"showSkybox":true,"showFlares":true,"showImageEffects":true,"showParticleSystems":true},"in2DMode":false,"pivot":{"x":726.8027954101563,"y":-20.948469161987306,"z":418.250244140625},"rotation":{"x":0.02349456027150154,"y":0.9711469411849976,"z":-0.10704851150512696,"w":0.2121427208185196},"size":17.644512176513673,"orthographic":false}