{"cameraMode":{"drawMode":0,"name":"Shaded","section":"Shading Mode"},"sceneLighting":false,"audioPlay":false,"sceneViewState":{"showFog":true,"showMaterialUpdate":true,"showSkybox":false,"showFlares":true,"showImageEffects":true,"showParticleSystems":true},"in2DMode":false,"pivot":{"x":611.042236328125,"y":-32.78363037109375,"z":1101.1668701171875},"rotation":{"x":-0.17464126646518708,"y":0.17137545347213746,"z":-0.03226373344659805,"w":-0.9692608118057251},"size":164.7132568359375,"orthographic":false}